file_name,db_state,rows_written,last_stage
file_0001.dat,committed,100,commit_complete
file_0002.dat,committed,100,commit_complete
file_0003.dat,committed,100,commit_complete
file_0004.dat,committed,100,commit_complete
file_0005.dat,committed,100,commit_complete
file_0006.dat,committed,100,commit_complete
file_0007.dat,committed,100,commit_complete
file_0008.dat,committed,100,commit_complete
file_0009.dat,committed,100,commit_complete
file_0010.dat,committed,100,commit_complete
file_0011.dat,committed,100,commit_complete
file_0012.dat,committed,100,commit_complete
file_0013.dat,committed,100,commit_complete
file_0014.dat,committed,100,commit_complete
file_0015.dat,committed,100,commit_complete
file_0016.dat,committed,100,commit_complete
file_0017.dat,committed,100,commit_complete
file_0018.dat,committed,100,commit_complete
file_0019.dat,committed,100,commit_complete
file_0020.dat,committed,100,commit_complete
file_0021.dat,committed,100,commit_complete
file_0022.dat,committed,100,commit_complete
file_0023.dat,committed,100,commit_complete
file_0024.dat,committed,100,commit_complete
file_0025.dat,committed,100,commit_complete
file_0026.dat,committed,100,commit_complete
file_0027.dat,committed,100,commit_complete
file_0028.dat,committed,100,commit_complete
file_0029.dat,committed,100,commit_complete
file_0030.dat,committed,100,commit_complete
file_0031.dat,committed,100,commit_complete
file_0032.dat,committed,100,commit_complete
file_0033.dat,committed,100,commit_complete
file_0034.dat,committed,100,commit_complete
file_0035.dat,committed,100,commit_complete
file_0036.dat,committed,100,commit_complete
file_0037.dat,committed,100,commit_complete
file_0038.dat,committed,100,commit_complete
file_0039.dat,committed,100,commit_complete
file_0040.dat,committed,100,commit_complete
file_0041.dat,committed,100,commit_complete
file_0042.dat,committed,100,commit_complete
file_0043.dat,committed,100,commit_complete
file_0044.dat,committed,100,commit_complete
file_0045.dat,committed,100,commit_complete
file_0046.dat,committed,100,commit_complete
file_0047.dat,committed,100,commit_complete
file_0048.dat,committed,100,commit_complete
file_0049.dat,committed,100,commit_complete
file_0050.dat,committed,100,commit_complete
file_0051.dat,committed,100,commit_complete
file_0052.dat,committed,100,commit_complete
file_0053.dat,committed,100,commit_complete
file_0054.dat,committed,100,commit_complete
file_0055.dat,committed,100,commit_complete
file_0056.dat,committed,100,commit_complete
file_0057.dat,committed,100,commit_complete
file_0058.dat,committed,100,commit_complete
file_0059.dat,committed,100,commit_complete
file_0060.dat,committed,100,commit_complete
file_0061.dat,committed,100,commit_complete
file_0062.dat,committed,100,commit_complete
file_0063.dat,committed,100,commit_complete
file_0064.dat,committed,100,commit_complete
file_0065.dat,committed,100,commit_complete
file_0066.dat,committed,100,commit_complete
file_0067.dat,committed,100,commit_complete
file_0068.dat,committed,100,commit_complete
file_0069.dat,committed,100,commit_complete
file_0070.dat,committed,100,commit_complete
file_0071.dat,committed,100,commit_complete
file_0072.dat,committed,100,commit_complete
file_0073.dat,committed,100,commit_complete
file_0074.dat,committed,100,commit_complete
file_0075.dat,committed,100,commit_complete
file_0076.dat,committed,100,commit_complete
file_0077.dat,committed,100,commit_complete
file_0078.dat,committed,100,commit_complete
file_0079.dat,committed,100,commit_complete
file_0080.dat,committed,100,commit_complete
file_0081.dat,committed,100,commit_complete
file_0082.dat,committed,100,commit_complete
file_0083.dat,committed,100,commit_complete
file_0084.dat,committed,100,commit_complete
file_0085.dat,committed,100,commit_complete
file_0086.dat,committed,100,commit_complete
file_0087.dat,committed,100,commit_complete
file_0088.dat,committed,100,commit_complete
file_0089.dat,committed,100,commit_complete
file_0090.dat,committed,100,commit_complete
file_0091.dat,committed,100,commit_complete
file_0092.dat,committed,100,commit_complete
file_0093.dat,committed,100,commit_complete
file_0094.dat,committed,100,commit_complete
file_0095.dat,committed,100,commit_complete
file_0096.dat,committed,100,commit_complete
file_0097.dat,committed,100,commit_complete
file_0098.dat,committed,100,commit_complete
file_0099.dat,committed,100,commit_complete
file_0100.dat,committed,100,commit_complete
file_0101.dat,committed,100,commit_complete
file_0102.dat,committed,100,commit_complete
file_0103.dat,committed,100,commit_complete
file_0104.dat,committed,100,commit_complete
file_0105.dat,committed,100,commit_complete
file_0106.dat,committed,100,commit_complete
file_0107.dat,committed,100,commit_complete
file_0108.dat,committed,100,commit_complete
file_0109.dat,committed,100,commit_complete
file_0110.dat,committed,100,commit_complete
file_0111.dat,committed,100,commit_complete
file_0112.dat,committed,100,commit_complete
file_0113.dat,committed,100,commit_complete
file_0114.dat,committed,100,commit_complete
file_0115.dat,committed,100,commit_complete
file_0116.dat,committed,100,commit_complete
file_0117.dat,committed,100,commit_complete
file_0118.dat,committed,100,commit_complete
file_0119.dat,committed,100,commit_complete
file_0120.dat,committed,100,commit_complete
file_0121.dat,committed,100,commit_complete
file_0122.dat,committed,100,commit_complete
file_0123.dat,committed,100,commit_complete
file_0124.dat,committed,100,commit_complete
file_0125.dat,committed,100,commit_complete
file_0126.dat,committed,100,commit_complete
file_0127.dat,committed,100,commit_complete
file_0128.dat,committed,100,commit_complete
file_0129.dat,committed,100,commit_complete
file_0130.dat,committed,100,commit_complete
file_0131.dat,committed,100,commit_complete
file_0132.dat,committed,100,commit_complete
file_0133.dat,committed,100,commit_complete
file_0134.dat,committed,100,commit_complete
file_0135.dat,committed,100,commit_complete
file_0136.dat,committed,100,commit_complete
file_0137.dat,committed,100,commit_complete
file_0138.dat,committed,100,commit_complete
file_0139.dat,committed,100,commit_complete
file_0140.dat,committed,100,commit_complete
file_0141.dat,committed,100,commit_complete
file_0142.dat,committed,100,commit_complete
file_0143.dat,committed,100,commit_complete
file_0144.dat,committed,100,commit_complete
file_0145.dat,committed,100,commit_complete
file_0146.dat,committed,100,commit_complete
file_0147.dat,committed,100,commit_complete
file_0148.dat,committed,100,commit_complete
file_0149.dat,committed,100,commit_complete
file_0150.dat,committed,100,commit_complete
file_0151.dat,committed,100,commit_complete
file_0152.dat,committed,100,commit_complete
file_0153.dat,committed,100,commit_complete
file_0154.dat,committed,100,commit_complete
file_0155.dat,committed,100,commit_complete
file_0156.dat,committed,100,commit_complete
file_0157.dat,committed,100,commit_complete
file_0158.dat,committed,100,commit_complete
file_0159.dat,committed,100,commit_complete
file_0160.dat,committed,100,commit_complete
file_0161.dat,committed,100,commit_complete
file_0162.dat,committed,100,commit_complete
file_0163.dat,committed,100,commit_complete
file_0164.dat,committed,100,commit_complete
file_0165.dat,committed,100,commit_complete
file_0166.dat,committed,100,commit_complete
file_0167.dat,committed,100,commit_complete
file_0168.dat,committed,100,commit_complete
file_0169.dat,committed,100,commit_complete
file_0170.dat,committed,100,commit_complete
file_0171.dat,committed,100,commit_complete
file_0172.dat,committed,100,commit_complete
file_0173.dat,committed,100,commit_complete
file_0174.dat,committed,100,commit_complete
file_0175.dat,committed,100,commit_complete
file_0176.dat,committed,100,commit_complete
file_0177.dat,committed,100,commit_complete
file_0178.dat,committed,100,commit_complete
file_0179.dat,committed,100,commit_complete
file_0180.dat,committed,100,commit_complete
file_0181.dat,committed,100,commit_complete
file_0182.dat,committed,100,commit_complete
file_0183.dat,committed,100,commit_complete
file_0184.dat,committed,100,commit_complete
file_0185.dat,committed,100,commit_complete
file_0186.dat,committed,100,commit_complete
file_0187.dat,committed,100,commit_complete
file_0188.dat,committed,100,commit_complete
file_0189.dat,committed,100,commit_complete
file_0190.dat,committed,100,commit_complete
file_0191.dat,committed,100,commit_complete
file_0192.dat,committed,100,commit_complete
file_0193.dat,committed,100,commit_complete
file_0194.dat,committed,100,commit_complete
file_0195.dat,committed,100,commit_complete
file_0196.dat,committed,100,commit_complete
file_0197.dat,committed,100,commit_complete
file_0198.dat,committed,100,commit_complete
file_0199.dat,committed,100,commit_complete
file_0200.dat,committed,100,commit_complete
file_0201.dat,committed,100,commit_complete
file_0202.dat,committed,100,commit_complete
file_0203.dat,committed,100,commit_complete
file_0204.dat,committed,100,commit_complete
file_0205.dat,committed,100,commit_complete
file_0206.dat,committed,100,commit_complete
file_0207.dat,committed,100,commit_complete
file_0208.dat,committed,100,commit_complete
file_0209.dat,committed,100,commit_complete
file_0210.dat,committed,100,commit_complete
file_0211.dat,committed,100,commit_complete
file_0212.dat,committed,100,commit_complete
file_0213.dat,committed,100,commit_complete
file_0214.dat,committed,100,commit_complete
file_0215.dat,committed,100,commit_complete
file_0216.dat,committed,100,commit_complete
file_0217.dat,committed,100,commit_complete
file_0218.dat,committed,100,commit_complete
file_0219.dat,committed,100,commit_complete
file_0220.dat,committed,100,commit_complete
file_0221.dat,committed,100,commit_complete
file_0222.dat,committed,100,commit_complete
file_0223.dat,committed,100,commit_complete
file_0224.dat,committed,100,commit_complete
file_0225.dat,committed,100,commit_complete
file_0226.dat,committed,100,commit_complete
file_0227.dat,committed,100,commit_complete
file_0228.dat,committed,100,commit_complete
file_0229.dat,committed,100,commit_complete
file_0230.dat,committed,100,commit_complete
file_0231.dat,committed,100,commit_complete
file_0232.dat,committed,100,commit_complete
file_0233.dat,committed,100,commit_complete
file_0234.dat,committed,100,commit_complete
file_0235.dat,committed,100,commit_complete
file_0236.dat,committed,100,commit_complete
file_0237.dat,committed,100,commit_complete
file_0238.dat,committed,100,commit_complete
file_0239.dat,committed,100,commit_complete
file_0240.dat,committed,100,commit_complete
file_0241.dat,committed,100,commit_complete
file_0242.dat,committed,100,commit_complete
file_0243.dat,committed,100,commit_complete
file_0244.dat,committed,100,commit_complete
file_0245.dat,committed,100,commit_complete
file_0246.dat,committed,100,commit_complete
file_0247.dat,committed,100,commit_complete
file_0248.dat,committed,100,commit_complete
file_0249.dat,committed,100,commit_complete
file_0250.dat,committed,100,commit_complete
file_0251.dat,committed,100,commit_complete
file_0252.dat,committed,100,commit_complete
file_0253.dat,committed,100,commit_complete
file_0254.dat,committed,100,commit_complete
file_0255.dat,committed,100,commit_complete
file_0256.dat,committed,100,commit_complete
file_0257.dat,committed,100,commit_complete
file_0258.dat,committed,100,commit_complete
file_0259.dat,committed,100,commit_complete
file_0260.dat,committed,100,commit_complete
file_0261.dat,committed,100,commit_complete
file_0262.dat,committed,100,commit_complete
file_0263.dat,committed,100,commit_complete
file_0264.dat,committed,100,commit_complete
file_0265.dat,committed,100,commit_complete
file_0266.dat,committed,100,commit_complete
file_0267.dat,committed,100,commit_complete
file_0268.dat,committed,100,commit_complete
file_0269.dat,committed,100,commit_complete
file_0270.dat,committed,100,commit_complete
file_0271.dat,committed,100,commit_complete
file_0272.dat,committed,100,commit_complete
file_0273.dat,committed,100,commit_complete
file_0274.dat,committed,100,commit_complete
file_0275.dat,committed,100,commit_complete
file_0276.dat,committed,100,commit_complete
file_0277.dat,committed,100,commit_complete
file_0278.dat,committed,100,commit_complete
file_0279.dat,committed,100,commit_complete
file_0280.dat,committed,100,commit_complete
file_0281.dat,committed,100,commit_complete
file_0282.dat,committed,100,commit_complete
file_0283.dat,committed,100,commit_complete
file_0284.dat,committed,100,commit_complete
file_0285.dat,committed,100,commit_complete
file_0286.dat,committed,100,commit_complete
file_0287.dat,committed,100,commit_complete
file_0288.dat,committed,100,commit_complete
file_0289.dat,committed,100,commit_complete
file_0290.dat,committed,100,commit_complete
file_0291.dat,committed,100,commit_complete
file_0292.dat,committed,100,commit_complete
file_0293.dat,committed,100,commit_complete
file_0294.dat,committed,100,commit_complete
file_0295.dat,committed,100,commit_complete
file_0296.dat,committed,100,commit_complete
file_0297.dat,committed,100,commit_complete
file_0298.dat,committed,100,commit_complete
file_0299.dat,committed,100,commit_complete
file_0300.dat,committed,100,commit_complete
file_0301.dat,committed,100,commit_complete
file_0302.dat,committed,100,commit_complete
file_0303.dat,committed,100,commit_complete
file_0304.dat,committed,100,commit_complete
file_0305.dat,committed,100,commit_complete
file_0306.dat,committed,100,commit_complete
file_0307.dat,committed,100,commit_complete
file_0308.dat,committed,100,commit_complete
file_0309.dat,committed,100,commit_complete
file_0310.dat,committed,100,commit_complete
file_0311.dat,committed,100,commit_complete
file_0312.dat,committed,100,commit_complete
file_0313.dat,committed,100,commit_complete
file_0314.dat,committed,100,commit_complete
file_0315.dat,committed,100,commit_complete
file_0316.dat,committed,100,commit_complete
file_0317.dat,committed,100,commit_complete
file_0318.dat,committed,100,commit_complete
file_0319.dat,committed,100,commit_complete
file_0320.dat,committed,100,commit_complete
file_0321.dat,committed,100,commit_complete
file_0322.dat,committed,100,commit_complete
file_0323.dat,committed,100,commit_complete
file_0324.dat,committed,100,commit_complete
file_0325.dat,committed,100,commit_complete
file_0326.dat,committed,100,commit_complete
file_0327.dat,committed,100,commit_complete
file_0328.dat,committed,100,commit_complete
file_0329.dat,committed,100,commit_complete
file_0330.dat,committed,100,commit_complete
file_0331.dat,committed,100,commit_complete
file_0332.dat,committed,100,commit_complete
file_0333.dat,committed,100,commit_complete
file_0334.dat,committed,100,commit_complete
file_0335.dat,committed,100,commit_complete
file_0336.dat,committed,100,commit_complete
file_0337.dat,committed,100,commit_complete
file_0338.dat,committed,100,commit_complete
file_0339.dat,committed,100,commit_complete
file_0340.dat,committed,100,commit_complete
file_0341.dat,committed,100,commit_complete
file_0342.dat,committed,100,commit_complete
file_0343.dat,committed,100,commit_complete
file_0344.dat,committed,100,commit_complete
file_0345.dat,committed,100,commit_complete
file_0346.dat,committed,100,commit_complete
file_0347.dat,committed,100,commit_complete
file_0348.dat,committed,100,commit_complete
file_0349.dat,committed,100,commit_complete
file_0350.dat,committed,100,commit_complete
file_0351.dat,committed,100,commit_complete
file_0352.dat,committed,100,commit_complete
file_0353.dat,committed,100,commit_complete
file_0354.dat,committed,100,commit_complete
file_0355.dat,committed,100,commit_complete
file_0356.dat,committed,100,commit_complete
file_0357.dat,committed,100,commit_complete
file_0358.dat,committed,100,commit_complete
file_0359.dat,committed,100,commit_complete
file_0360.dat,committed,100,commit_complete
file_0361.dat,committed,100,commit_complete
file_0362.dat,committed,100,commit_complete
file_0363.dat,committed,100,commit_complete
file_0364.dat,committed,100,commit_complete
file_0365.dat,committed,100,commit_complete
file_0366.dat,committed,100,commit_complete
file_0367.dat,committed,100,commit_complete
file_0368.dat,committed,100,commit_complete
file_0369.dat,committed,100,commit_complete
file_0370.dat,committed,100,commit_complete
file_0371.dat,committed,100,commit_complete
file_0372.dat,committed,100,commit_complete
file_0373.dat,committed,100,commit_complete
file_0374.dat,committed,100,commit_complete
file_0375.dat,committed,100,commit_complete
file_0376.dat,committed,100,commit_complete
file_0377.dat,committed,100,commit_complete
file_0378.dat,committed,100,commit_complete
file_0379.dat,committed,100,commit_complete
file_0380.dat,committed,100,commit_complete
file_0381.dat,committed,100,commit_complete
file_0382.dat,committed,100,commit_complete
file_0383.dat,committed,100,commit_complete
file_0384.dat,committed,100,commit_complete
file_0385.dat,committed,100,commit_complete
file_0386.dat,committed,100,commit_complete
file_0387.dat,committed,100,commit_complete
file_0388.dat,committed,100,commit_complete
file_0389.dat,committed,100,commit_complete
file_0390.dat,committed,100,commit_complete
file_0391.dat,committed,100,commit_complete
file_0392.dat,committed,100,commit_complete
file_0393.dat,committed,100,commit_complete
file_0394.dat,committed,100,commit_complete
file_0395.dat,committed,100,commit_complete
file_0396.dat,committed,100,commit_complete
file_0397.dat,committed,100,commit_complete
file_0398.dat,committed,100,commit_complete
file_0399.dat,committed,100,commit_complete
file_0400.dat,committed,100,commit_complete
file_0401.dat,committed,100,commit_complete
file_0402.dat,committed,100,commit_complete
file_0403.dat,committed,100,commit_complete
file_0404.dat,committed,100,commit_complete
file_0405.dat,committed,100,commit_complete
file_0406.dat,committed,100,commit_complete
file_0407.dat,committed,100,commit_complete
file_0408.dat,committed,100,commit_complete
file_0409.dat,committed,100,commit_complete
file_0410.dat,committed,100,commit_complete
file_0411.dat,committed,100,commit_complete
file_0412.dat,committed,100,commit_complete
file_0413.dat,committed,100,commit_complete
file_0414.dat,committed,100,commit_complete
file_0415.dat,committed,100,commit_complete
file_0416.dat,committed,100,commit_complete
file_0417.dat,committed,100,commit_complete
file_0418.dat,committed,100,commit_complete
file_0419.dat,committed,100,commit_complete
file_0420.dat,committed,100,commit_complete
file_0421.dat,committed,100,commit_complete
file_0422.dat,committed,100,commit_complete
file_0423.dat,committed,100,commit_complete
file_0424.dat,committed,100,commit_complete
file_0425.dat,committed,100,commit_complete
file_0426.dat,committed,100,commit_complete
file_0427.dat,committed,100,commit_complete
file_0428.dat,committed,100,commit_complete
file_0429.dat,committed,100,commit_complete
file_0430.dat,committed,100,commit_complete
file_0431.dat,committed,100,commit_complete
file_0432.dat,committed,100,commit_complete
file_0433.dat,committed,100,commit_complete
file_0434.dat,committed,100,commit_complete
file_0435.dat,committed,100,commit_complete
file_0436.dat,committed,100,commit_complete
file_0437.dat,committed,100,commit_complete
file_0438.dat,committed,100,commit_complete
file_0439.dat,committed,100,commit_complete
file_0440.dat,committed,100,commit_complete
file_0441.dat,committed,100,commit_complete
file_0442.dat,committed,100,commit_complete
file_0443.dat,committed,100,commit_complete
file_0444.dat,committed,100,commit_complete
file_0445.dat,committed,100,commit_complete
file_0446.dat,committed,100,commit_complete
file_0447.dat,committed,100,commit_complete
file_0448.dat,committed,100,commit_complete
file_0449.dat,committed,100,commit_complete
file_0450.dat,committed,100,commit_complete
file_0451.dat,committed,100,commit_complete
file_0452.dat,committed,100,commit_complete
file_0453.dat,committed,100,commit_complete
file_0454.dat,committed,100,commit_complete
file_0455.dat,committed,100,commit_complete
file_0456.dat,committed,100,commit_complete
file_0457.dat,committed,100,commit_complete
file_0458.dat,committed,100,commit_complete
file_0459.dat,committed,100,commit_complete
file_0460.dat,committed,100,commit_complete
file_0461.dat,committed,100,commit_complete
file_0462.dat,committed,100,commit_complete
file_0463.dat,committed,100,commit_complete
file_0464.dat,committed,100,commit_complete
file_0465.dat,committed,100,commit_complete
file_0466.dat,committed,100,commit_complete
file_0467.dat,committed,100,commit_complete
file_0468.dat,committed,100,commit_complete
file_0469.dat,committed,100,commit_complete
file_0470.dat,committed,100,commit_complete
file_0471.dat,committed,100,commit_complete
file_0472.dat,committed,100,commit_complete
file_0473.dat,committed,100,commit_complete
file_0474.dat,committed,100,commit_complete
file_0475.dat,committed,100,commit_complete
file_0476.dat,committed,100,commit_complete
file_0477.dat,committed,100,commit_complete
file_0478.dat,committed,100,commit_complete
file_0479.dat,committed,100,commit_complete
file_0480.dat,committed,100,commit_complete
file_0481.dat,committed,100,commit_complete
file_0482.dat,committed,100,commit_complete
file_0483.dat,committed,100,commit_complete
file_0484.dat,committed,100,commit_complete
file_0485.dat,committed,100,commit_complete
file_0486.dat,committed,100,commit_complete
file_0487.dat,committed,100,commit_complete
file_0488.dat,committed,100,commit_complete
file_0489.dat,committed,100,commit_complete
file_0490.dat,committed,100,commit_complete
file_0491.dat,committed,100,commit_complete
file_0492.dat,committed,100,commit_complete
file_0493.dat,committed,100,commit_complete
file_0494.dat,committed,100,commit_complete
file_0495.dat,committed,100,commit_complete
file_0496.dat,committed,100,commit_complete
file_0497.dat,committed,100,commit_complete
file_0498.dat,committed,100,commit_complete
file_0499.dat,committed,100,commit_complete
file_0500.dat,committed,100,commit_complete
file_0501.dat,committed,100,commit_complete
file_0502.dat,committed,100,commit_complete
file_0503.dat,committed,100,commit_complete
file_0504.dat,committed,100,commit_complete
file_0505.dat,committed,100,commit_complete
file_0506.dat,committed,100,commit_complete
file_0507.dat,committed,100,commit_complete
file_0508.dat,committed,100,commit_complete
file_0509.dat,committed,100,commit_complete
file_0510.dat,committed,100,commit_complete
file_0511.dat,committed,100,commit_complete
file_0512.dat,committed,100,commit_complete
file_0513.dat,committed,100,commit_complete
file_0514.dat,committed,100,commit_complete
file_0515.dat,committed,100,commit_complete
file_0516.dat,committed,100,commit_complete
file_0517.dat,committed,100,commit_complete
file_0518.dat,committed,100,commit_complete
file_0519.dat,committed,100,commit_complete
file_0520.dat,committed,100,commit_complete
file_0521.dat,committed,100,commit_complete
file_0522.dat,committed,100,commit_complete
file_0523.dat,committed,100,commit_complete
file_0524.dat,committed,100,commit_complete
file_0525.dat,committed,100,commit_complete
file_0526.dat,committed,100,commit_complete
file_0527.dat,committed,100,commit_complete
file_0528.dat,committed,100,commit_complete
file_0529.dat,committed,100,commit_complete
file_0530.dat,committed,100,commit_complete
file_0531.dat,committed,100,commit_complete
file_0532.dat,committed,100,commit_complete
file_0533.dat,committed,100,commit_complete
file_0534.dat,committed,100,commit_complete
file_0535.dat,committed,100,commit_complete
file_0536.dat,committed,100,commit_complete
file_0537.dat,committed,100,commit_complete
file_0538.dat,committed,100,commit_complete
file_0539.dat,committed,100,commit_complete
file_0540.dat,committed,100,commit_complete
file_0541.dat,committed,100,commit_complete
file_0542.dat,committed,100,commit_complete
file_0543.dat,committed,100,commit_complete
file_0544.dat,committed,100,commit_complete
file_0545.dat,committed,100,commit_complete
file_0546.dat,committed,100,commit_complete
file_0547.dat,committed,100,commit_complete
file_0548.dat,committed,100,commit_complete
file_0549.dat,committed,100,commit_complete
file_0550.dat,committed,100,commit_complete
file_0551.dat,committed,100,commit_complete
file_0552.dat,committed,100,commit_complete
file_0553.dat,committed,100,commit_complete
file_0554.dat,committed,100,commit_complete
file_0555.dat,committed,100,commit_complete
file_0556.dat,committed,100,commit_complete
file_0557.dat,committed,100,commit_complete
file_0558.dat,committed,100,commit_complete
file_0559.dat,committed,100,commit_complete
file_0560.dat,committed,100,commit_complete
file_0561.dat,committed,100,commit_complete
file_0562.dat,committed,100,commit_complete
file_0563.dat,committed,100,commit_complete
file_0564.dat,committed,100,commit_complete
file_0565.dat,committed,100,commit_complete
file_0566.dat,committed,100,commit_complete
file_0567.dat,committed,100,commit_complete
file_0568.dat,committed,100,commit_complete
file_0569.dat,committed,100,commit_complete
file_0570.dat,committed,100,commit_complete
file_0571.dat,committed,100,commit_complete
file_0572.dat,committed,100,commit_complete
file_0573.dat,committed,100,commit_complete
file_0574.dat,committed,100,commit_complete
file_0575.dat,committed,100,commit_complete
file_0576.dat,committed,100,commit_complete
file_0577.dat,committed,100,commit_complete
file_0578.dat,committed,100,commit_complete
file_0579.dat,committed,100,commit_complete
file_0580.dat,committed,100,commit_complete
file_0581.dat,committed,100,commit_complete
file_0582.dat,committed,100,commit_complete
file_0583.dat,committed,100,commit_complete
file_0584.dat,committed,100,commit_complete
file_0585.dat,committed,100,commit_complete
file_0586.dat,committed,100,commit_complete
file_0587.dat,committed,100,commit_complete
file_0588.dat,committed,100,commit_complete
file_0589.dat,committed,100,commit_complete
file_0590.dat,committed,100,commit_complete
file_0591.dat,committed,100,commit_complete
file_0592.dat,committed,100,commit_complete
file_0593.dat,committed,100,commit_complete
file_0594.dat,committed,100,commit_complete
file_0595.dat,committed,100,commit_complete
file_0596.dat,committed,100,commit_complete
file_0597.dat,committed,100,commit_complete
file_0598.dat,committed,100,commit_complete
file_0599.dat,committed,100,commit_complete
file_0600.dat,committed,100,commit_complete
file_0601.dat,committed,100,commit_complete
file_0602.dat,committed,100,commit_complete
file_0603.dat,committed,100,commit_complete
file_0604.dat,committed,100,commit_complete
file_0605.dat,committed,100,commit_complete
file_0606.dat,committed,100,commit_complete
file_0607.dat,committed,100,commit_complete
file_0608.dat,committed,100,commit_complete
file_0609.dat,committed,100,commit_complete
file_0610.dat,committed,100,commit_complete
file_0611.dat,committed,100,commit_complete
file_0612.dat,committed,100,commit_complete
file_0613.dat,committed,100,commit_complete
file_0614.dat,committed,100,commit_complete
file_0615.dat,committed,100,commit_complete
file_0616.dat,committed,100,commit_complete
file_0617.dat,committed,100,commit_complete
file_0618.dat,committed,100,commit_complete
file_0619.dat,committed,100,commit_complete
file_0620.dat,committed,100,commit_complete
file_0621.dat,committed,100,commit_complete
file_0622.dat,committed,100,commit_complete
file_0623.dat,committed,100,commit_complete
file_0624.dat,committed,100,commit_complete
file_0625.dat,committed,100,commit_complete
file_0626.dat,committed,100,commit_complete
file_0627.dat,committed,100,commit_complete
file_0628.dat,committed,100,commit_complete
file_0629.dat,committed,100,commit_complete
file_0630.dat,committed,100,commit_complete
file_0631.dat,committed,100,commit_complete
file_0632.dat,committed,100,commit_complete
file_0633.dat,committed,100,commit_complete
file_0634.dat,committed,100,commit_complete
file_0635.dat,committed,100,commit_complete
file_0636.dat,committed,100,commit_complete
file_0637.dat,committed,100,commit_complete
file_0638.dat,committed,100,commit_complete
file_0639.dat,committed,100,commit_complete
file_0640.dat,committed,100,commit_complete
file_0641.dat,committed,100,commit_complete
file_0642.dat,committed,100,commit_complete
file_0643.dat,committed,100,commit_complete
file_0644.dat,committed,100,commit_complete
file_0645.dat,committed,100,commit_complete
file_0646.dat,committed,100,commit_complete
file_0647.dat,committed,100,commit_complete
file_0648.dat,committed,100,commit_complete
file_0649.dat,committed,100,commit_complete
file_0650.dat,committed,100,commit_complete
file_0651.dat,committed,100,commit_complete
file_0652.dat,committed,100,commit_complete
file_0653.dat,committed,100,commit_complete
file_0654.dat,committed,100,commit_complete
file_0655.dat,committed,100,commit_complete
file_0656.dat,committed,100,commit_complete
file_0657.dat,committed,100,commit_complete
file_0658.dat,committed,100,commit_complete
file_0659.dat,committed,100,commit_complete
file_0660.dat,committed,100,commit_complete
file_0661.dat,committed,100,commit_complete
file_0662.dat,committed,100,commit_complete
file_0663.dat,committed,100,commit_complete
file_0664.dat,committed,100,commit_complete
file_0665.dat,committed,100,commit_complete
file_0666.dat,committed,100,commit_complete
file_0667.dat,committed,100,commit_complete
file_0668.dat,committed,100,commit_complete
file_0669.dat,committed,100,commit_complete
file_0670.dat,committed,100,commit_complete
file_0671.dat,committed,100,commit_complete
file_0672.dat,committed,100,commit_complete
file_0673.dat,committed,100,commit_complete
file_0674.dat,committed,100,commit_complete
file_0675.dat,committed,100,commit_complete
file_0676.dat,committed,100,commit_complete
file_0677.dat,committed,100,commit_complete
file_0678.dat,committed,100,commit_complete
file_0679.dat,committed,100,commit_complete
file_0680.dat,committed,100,commit_complete
file_0681.dat,committed,100,commit_complete
file_0682.dat,committed,100,commit_complete
file_0683.dat,committed,100,commit_complete
file_0684.dat,committed,100,commit_complete
file_0685.dat,committed,100,commit_complete
file_0686.dat,committed,100,commit_complete
file_0687.dat,committed,100,commit_complete
file_0688.dat,committed,100,commit_complete
file_0689.dat,committed,100,commit_complete
file_0690.dat,committed,100,commit_complete
file_0691.dat,committed,100,commit_complete
file_0692.dat,committed,100,commit_complete
file_0693.dat,committed,100,commit_complete
file_0694.dat,committed,100,commit_complete
file_0695.dat,committed,100,commit_complete
file_0696.dat,committed,100,commit_complete
file_0697.dat,committed,100,commit_complete
file_0698.dat,committed,100,commit_complete
file_0699.dat,committed,100,commit_complete
file_0700.dat,committed,100,commit_complete
file_0701.dat,partial,37,timed_out_after_insert
file_0702.dat,partial,41,timed_out_after_insert
file_0703.dat,partial,58,timed_out_after_insert
file_0704.dat,partial,62,timed_out_after_insert
file_0705.dat,partial,19,timed_out_after_insert
file_0706.dat,partial,73,timed_out_after_insert
file_0707.dat,partial,44,timed_out_after_insert
file_0708.dat,partial,52,timed_out_after_insert
file_0709.dat,partial,67,timed_out_after_insert
file_0710.dat,partial,28,timed_out_after_insert
file_0711.dat,partial,34,timed_out_after_insert
file_0712.dat,partial,76,timed_out_after_insert
file_0713.dat,partial,83,timed_out_after_insert
file_0714.dat,partial,47,timed_out_after_insert
file_0715.dat,partial,55,timed_out_after_insert
file_0716.dat,partial,61,timed_out_after_insert
file_0717.dat,partial,24,timed_out_after_insert
file_0718.dat,partial,39,timed_out_after_insert
